threshold_px,camera,distance_m,depth,leaves,parents,triangles,original,reduction_pct,select_us,empty_parents,root_triangles,hole_ratio,in_frame,shop_height_px
0.5,close,2.40,0,61702,0,6122214,6122214,0.00,129335,0,699898,0.0000,true,487.7
0.5,medium,13.59,0,61702,0,6122214,6122214,0.00,101370,0,699898,0.0000,true,65.9
0.5,far,24.15,6,710,6959,2772614,6122214,-54.71,69862,0,699898,0.0000,true,37.0
1.0,close,2.40,0,61702,0,6122214,6122214,0.00,130302,0,699898,0.0000,true,487.7
1.0,medium,13.59,6,368,5226,2450164,6122214,-59.98,92615,0,699898,0.0000,true,65.9
1.0,far,24.15,7,56,2670,1963494,6122214,-67.93,83812,0,699898,0.0000,true,37.0
2.0,close,2.40,0,61702,0,6122214,6122214,0.00,114792,0,699898,0.0000,true,487.7
2.0,medium,13.59,7,38,2294,1862106,6122214,-69.58,81272,0,699898,0.0000,true,65.9
2.0,far,24.15,8,12,1286,1529828,6122214,-75.01,95704,0,699898,0.0000,true,37.0
4.0,close,2.40,5,22734,5265,4220071,6122214,-31.07,79655,0,699898,0.0000,true,487.7
4.0,medium,13.59,8,10,1109,1459046,6122214,-76.17,102982,0,699898,0.0000,true,65.9
4.0,far,24.15,10,2,509,1171846,6122214,-80.86,98598,0,699898,0.0000,true,37.0
