leg,distance_m,depth,leaves,parents,triangles,original,covered,select_us,cut_us,upload_us,upload_bytes,draw_prepare_us,renderer_cpu_us,clusters
out,2.40,0,61702,0,6122214,6122214,61702,24635,194479,0,0,15724,3892985,61702
out,3.33,0,61702,0,6122214,6122214,61702,17028,159256,0,0,11046,485459,61702
out,4.26,0,61702,0,6122214,6122214,61702,16010,145815,0,0,11091,477493,61702
out,5.20,0,61702,0,6122214,6122214,61702,17066,143513,0,0,11159,452159,61702
out,6.13,0,61702,0,6122214,6122214,61702,19831,159712,1,0,12310,484232,61702
out,7.06,0,61702,0,6122214,6122214,61702,15485,149650,0,0,16148,490965,61702
out,7.99,0,61702,0,6122214,6122214,61702,16055,141114,0,0,15051,453001,61702
out,8.92,0,61702,0,6122214,6122214,61702,21024,145816,1,0,14485,454625,61702
out,9.86,5,29878,4770,4587770,6122214,61702,19989,116999,2134371,19850112,13485,2658710,34648
out,10.79,5,1196,8523,3008492,6122214,61702,22307,83661,4191756,34792764,15689,4787373,9719
out,11.72,6,810,7303,2825406,6122214,61702,24917,100278,4309810,32982768,13987,4943801,8113
out,12.65,6,550,6099,2624202,6122214,61702,29042,77568,3788898,30846708,13433,4360285,6649
out,13.59,6,368,5226,2450164,6122214,61702,24727,85458,3121896,28952472,13399,3666454,5594
out,14.47,6,266,4711,2339439,6122214,61702,19712,92760,3241486,27733956,15944,3756008,4977
out,15.35,6,192,4302,2261989,6122214,61702,19127,63879,3054959,26894172,11337,3502067,4494
out,16.23,7,162,4020,2210469,6122214,61702,20081,55911,2867839,26313096,13824,3349548,4182
out,17.11,7,144,3799,2174799,6122214,61702,24276,64864,2992481,25906932,14909,3460438,3943
out,17.99,7,122,3566,2138329,6122214,61702,22189,53280,3215433,25495656,15499,3669168,3688
out,18.87,7,106,3431,2114489,6122214,61702,23182,77240,2949450,25229952,14148,3480799,3537
out,19.75,7,98,3309,2093723,6122214,61702,23181,62463,2882976,24989856,11925,3385129,3407
out,20.63,7,84,3182,2071853,6122214,61702,17139,57671,2611834,24744852,17375,3071729,3266
out,21.51,7,78,3030,2042549,6122214,61702,32506,66851,2702859,24401076,10454,3189189,3108
out,22.39,7,70,2900,2018497,6122214,61702,16814,79989,2624128,24122148,11721,3059348,2970
out,23.27,7,66,2775,1990663,6122214,61702,21496,70942,2673864,23793864,11862,3156484,2841
out,24.15,7,56,2670,1963494,6122214,61702,19820,67004,2685089,23480376,10700,3168273,2726
back,23.27,7,66,2775,1990663,6122214,61702,19584,68031,2658038,23793864,11285,3095999,2841
back,22.39,7,70,2900,2018497,6122214,61702,18628,71404,2816062,24122148,15450,3285090,2970
back,21.51,7,78,3030,2042549,6122214,61702,20335,60355,2659887,24401076,13278,3104590,3108
back,20.63,7,84,3182,2071853,6122214,61702,24273,65139,3104894,24744852,19020,3576559,3266
back,19.75,7,98,3309,2093723,6122214,61702,24566,76915,2849883,24989856,14503,3363184,3407
back,18.87,7,106,3431,2114489,6122214,61702,24035,67379,2762821,25229952,10790,3248072,3537
back,17.99,7,122,3566,2138329,6122214,61702,22589,64408,3555225,25495656,12535,4040325,3688
back,17.11,7,144,3799,2174799,6122214,61702,26267,69499,3017267,25906932,15934,3504478,3943
back,16.23,7,162,4020,2210469,6122214,61702,18865,63109,2974915,26313096,10463,3432795,4182
back,15.35,6,192,4302,2261989,6122214,61702,18045,67270,3063063,26894172,12370,3594322,4494
back,14.47,6,266,4711,2339439,6122214,61702,23110,86801,3113734,27733956,14273,3651788,4977
back,13.59,6,368,5226,2450164,6122214,61702,27344,82116,3056359,28952472,10207,3571601,5594
back,12.65,6,550,6099,2624202,6122214,61702,24076,95797,3627630,30846708,13698,4195142,6649
back,11.72,6,810,7303,2825406,6122214,61702,23043,86698,3890745,32982768,13995,4468318,8113
back,10.79,5,1196,8523,3008492,6122214,61702,25759,100667,4464536,34792764,14413,5119096,9719
back,9.86,5,29878,4770,4587770,6122214,61702,29647,132979,2309680,19850112,13675,2921814,34648
back,8.92,0,61702,0,6122214,6122214,61702,15582,152234,1099,0,16873,499594,61702
back,7.99,0,61702,0,6122214,6122214,61702,17051,144843,1,0,14506,515334,61702
back,7.06,0,61702,0,6122214,6122214,61702,20110,140585,1,0,15600,475135,61702
back,6.13,0,61702,0,6122214,6122214,61702,16818,157356,1,0,14203,501171,61702
back,5.20,0,61702,0,6122214,6122214,61702,18022,148656,0,0,14651,502457,61702
back,4.26,0,61702,0,6122214,6122214,61702,18846,160458,0,0,12748,503718,61702
back,3.33,0,61702,0,6122214,6122214,61702,16227,156511,0,0,17451,496863,61702
back,2.40,0,61702,0,6122214,6122214,61702,17700,156819,0,0,17018,523883,61702
